ID,Name,promo codes,type,Product,duration,redemption limit
,StackBeta,STKUIRY5s,%,prod_MwiUDh9E2iZJMB,forever,1
,StackBeta,STKKVlcPa,%,prod_MwiUDh9E2iZJMB,forever,1
,StackBeta,STKgESGL7,%,prod_MwiUDh9E2iZJMB,forever,1
,StackBeta,STKxCZmGY,%,prod_MwiUDh9E2iZJMB,forever,1
,StackBeta,STKrFpLmR,%,prod_MwiUDh9E2iZJMB,forever,1
,StackBeta,STKY3otRB,%,prod_MwiUDh9E2iZJMB,forever,1
,StackBeta,STKAvJT9p,%,prod_MwiUDh9E2iZJMB,forever,1
,StackBeta,STKSYdUEO,%,prod_MwiUDh9E2iZJMB,forever,1
,StackBeta,STKQwCtma,%,prod_MwiUDh9E2iZJMB,forever,1
,StackBeta,STKlLuLDJ,%,prod_MwiUDh9E2iZJMB,forever,1
,StackBeta,STKiOljPq,%,prod_MwiUDh9E2iZJMB,forever,1
,StackBeta,STKfHVKSm,%,prod_MwiUDh9E2iZJMB,forever,1
,StackBeta,STKo6bQzX,%,prod_MwiUDh9E2iZJMB,forever,1
,StackBeta,STKBLYvaX,%,prod_MwiUDh9E2iZJMB,forever,1
,StackBeta,STKxsiePr,%,prod_MwiUDh9E2iZJMB,forever,1
,StackBeta,STKXJ2qoa,%,prod_MwiUDh9E2iZJMB,forever,1
,StackBeta,STKXoXtUC,%,prod_MwiUDh9E2iZJMB,forever,1
,StackBeta,STKBNN3p0,%,prod_MwiUDh9E2iZJMB,forever,1
,StackBeta,STKjA8RWX,%,prod_MwiUDh9E2iZJMB,forever,1
,StackBeta,STKQGUjM0,%,prod_MwiUDh9E2iZJMB,forever,1
,StackBeta,STKzjrmuc,%,prod_MwiUDh9E2iZJMB,forever,1
,StackBeta,STKOdJdu8,%,prod_MwiUDh9E2iZJMB,forever,1
,StackBeta,STKoqzl53,%,prod_MwiUDh9E2iZJMB,forever,1
,StackBeta,STKMXoQui,%,prod_MwiUDh9E2iZJMB,forever,1
,StackBeta,STKQrbGjn,%,prod_GvoGgDoL2eHg8k,forever,1
,StackBeta,STKIfOLhh,%,prod_GvoGgDoL2eHg8k,forever,1
,StackBeta,STKoBiZcp,%,prod_GvoGgDoL2eHg8k,forever,1
,StackBeta,STKfZiz0v,%,prod_GvoGgDoL2eHg8k,forever,1
,StackBeta,STKNUOhu9,%,prod_GvoGgDoL2eHg8k,forever,1
,StackBeta,STKKOBRI3,%,prod_GvoGgDoL2eHg8k,forever,1
,StackBeta,STKRQfFZD,%,prod_GvoGgDoL2eHg8k,forever,1
,StackBeta,STK5zUyIY,%,prod_GvoGgDoL2eHg8k,forever,1
,StackBeta,STKP7AdqS,%,prod_GvoGgDoL2eHg8k,forever,1
,StackBeta,STKXwqClr,%,prod_GvoGgDoL2eHg8k,forever,1
,StackBeta,STKoSYRKO,%,prod_GvoGgDoL2eHg8k,forever,1
,StackBeta,STKYdnDqL,%,prod_GvoGgDoL2eHg8k,forever,1
,StackBeta,STKAw64rI,%,prod_GvoGgDoL2eHg8k,forever,1
,StackBeta,STKBlPRFP,%,prod_GvoGgDoL2eHg8k,forever,1
,StackBeta,STKKtAZqV,%,prod_GvoGgDoL2eHg8k,forever,1
,StackBeta,STKSCbItC,%,prod_GvoGgDoL2eHg8k,forever,1
,StackBeta,STKYnp1ER,%,prod_GvoGgDoL2eHg8k,forever,1
,StackBeta,STKT8dCDO,%,prod_GvoGgDoL2eHg8k,forever,1
,StackBeta,STKAt7KVc,%,prod_GvoGgDoL2eHg8k,forever,1
,StackBeta,STKxKtnuK,%,prod_GvoGgDoL2eHg8k,forever,1
,StackBeta,STKBXhG5V,%,prod_GvoGgDoL2eHg8k,forever,1
,StackBeta,STK41f5pO,%,prod_GvoGgDoL2eHg8k,forever,1
,StackBeta,STKEKbc1D,%,prod_GvoGgDoL2eHg8k,forever,1
,StackBeta,STKTGp7NP,%,prod_GvoGgDoL2eHg8k,forever,1
,StackBeta,STKKHELk4,%,prod_GvoGgDoL2eHg8k,forever,1
,StackBeta,STK9pyK9u,%,prod_GvoGgDoL2eHg8k,forever,1